Metric,Value
MSE,0.0020940345698998546
MAE,0.036342944840457955
