Metric,Value
MSE,0.003072040002432529
MAE,0.044753936354492804
